,0
P_2_last,0.39960028820521915
P_2_3m_avg,0.35205715604533877
P_2_min,0.21054002634235164
P_2_mean,0.20225411079031122
B_2_last,0.10793043261407638
B_1_last,0.09464518277807166
B_7_mean,0.07757873317421382
D_62_min,0.06766232474083357
B_9_last,0.06764252028703328
B_37_last,0.06623694834209538
D_51_3m_avg,0.06534922138890935
D_48_last,0.06470456870702716
D_39_last,0.05436679532427744
B_11_last,0.05409292788160683
D_44_last,0.05273543788721504
S_3_mean,0.05154861693058562
R_1_last,0.05136072350307001
B_5_last,0.04980807649375196
B_3_last,0.044861810888429755
R_1_3m_avg,0.04076026422719047
P_2_max,0.04073567749460154
B_4_delta,0.04005505378442541
B_4_last,0.0384726749053989
S_26_std,0.03669177924733735
B_2_3m_avg,0.03221263485341924
D_39_delta,0.031261463819971594
B_4_std,0.030618305061014595
D_43_3m_avg,0.028358914941802343
S_9_last,0.027927926684070126
S_3_last,0.02777621859519212
B_3_diff_std,0.027742463635173804
D_39_max,0.027174464192789613
R_1_mean,0.02587505400992154
D_42_mean,0.025467594485983742
B_4_slope,0.025319211321834813
B_5_delta,0.024688736289856673
R_3_max,0.02459739906184972
D_39_3m_avg,0.024471645338682776
B_3_std,0.024278223128495167
S_3_3m_avg,0.0234268083663175
D_50_last,0.022901134372360757
B_5_3m_avg,0.022854782747907098
S_15_mean,0.022643587881762166
D_43_mean,0.02251951324560693
D_51_mean,0.021973924825654308
B_3_3m_avg,0.02196270021899868
D_77_3m_avg,0.02154131713636097
D_41_last,0.02139008486238041
B_4_max,0.02131793842449363
S_7_mean,0.020494497226894295
